{
  "experiment": "classifier_frozen",
  "desc": "DeBERTa + softmax classifier head, head-only",
  "model_name": "microsoft/deberta-v3-base",
  "head_type": "classifier",
  "unfreeze_last_n": 0,
  "n_test": 469,
  "scoring": {
    "mae": 0.837953091684435,
    "accuracy": 0.36673773987206826,
    "off_by_one": 0.8123667377398721,
    "qwk": 0.2857656881501096,
    "spearman": 0.3544662350704004
  },
  "per_class_accuracy": {
    "1": 0.0,
    "2": 0.2926829268292683,
    "3": 0.7338129496402878,
    "4": 0.3484848484848485,
    "5": 0.0
  },
  "confusion_matrix": [
    [
      0,
      19,
      32,
      3,
      0
    ],
    [
      0,
      24,
      50,
      8,
      0
    ],
    [
      0,
      11,
      102,
      26,
      0
    ],
    [
      0,
      8,
      78,
      46,
      0
    ],
    [
      0,
      5,
      32,
      25,
      0
    ]
  ],
  "retrieval": {
    "hit_rate": 0.997867803837953,
    "precision": 0.9112473347547975,
    "mrr": 0.9831404203472432,
    "n": 469,
    "n_skipped": 0
  }
}