{
  "experiment": "coral_top3",
  "desc": "DeBERTa + CORAL head, fine-tune top 3 layers",
  "model_name": "microsoft/deberta-v3-base",
  "head_type": "coral",
  "unfreeze_last_n": 3,
  "n_test": 469,
  "scoring": {
    "mae": 0.4669509594882729,
    "accuracy": 0.5778251599147122,
    "off_by_one": 0.9573560767590619,
    "qwk": 0.8038433953172535,
    "spearman": 0.7927643592274584
  },
  "per_class_accuracy": {
    "1": 0.8148148148148148,
    "2": 0.4268292682926829,
    "3": 0.5323741007194245,
    "4": 0.7272727272727273,
    "5": 0.3548387096774194
  },
  "confusion_matrix": [
    [
      44,
      5,
      5,
      0,
      0
    ],
    [
      24,
      35,
      19,
      4,
      0
    ],
    [
      1,
      10,
      74,
      52,
      2
    ],
    [
      1,
      1,
      16,
      96,
      18
    ],
    [
      0,
      0,
      6,
      34,
      22
    ]
  ],
  "retrieval": {
    "hit_rate": 0.997867803837953,
    "precision": 0.9112473347547975,
    "mrr": 0.9831404203472432,
    "n": 469,
    "n_skipped": 0
  }
}