{
  "experiment": "coral_frozen",
  "desc": "DeBERTa + CORAL head, head-only (current)",
  "model_name": "microsoft/deberta-v3-base",
  "head_type": "coral",
  "unfreeze_last_n": 0,
  "n_test": 469,
  "scoring": {
    "mae": 0.8571428571428571,
    "accuracy": 0.35607675906183367,
    "off_by_one": 0.7931769722814499,
    "qwk": 0.23713314962947107,
    "spearman": 0.32519628301015285
  },
  "per_class_accuracy": {
    "1": 0.0,
    "2": 0.24390243902439024,
    "3": 0.8201438848920863,
    "4": 0.25,
    "5": 0.0
  },
  "confusion_matrix": [
    [
      0,
      13,
      39,
      2,
      0
    ],
    [
      0,
      20,
      54,
      8,
      0
    ],
    [
      0,
      8,
      114,
      17,
      0
    ],
    [
      0,
      6,
      93,
      33,
      0
    ],
    [
      0,
      1,
      41,
      20,
      0
    ]
  ],
  "retrieval": {
    "hit_rate": 0.997867803837953,
    "precision": 0.9112473347547975,
    "mrr": 0.9831404203472432,
    "n": 469,
    "n_skipped": 0
  }
}